Business Name,Phone,City,State,Address,Location,Website,Google Maps Link
KAG Construction Corp,(516) 309-0636,New York,NY,"111 S Franklin Ave, Valley Stream","New York, NY",http://kagconstructioncorp.com/,https://maps.google.com/place?place_id=ChIJV5Ka6gZlwokR1Og1WFTHDtc
Mecha Build Construction Corp,(212) 540-5323,New York,NY,"18-65B Steinway St, Astoria","New York, NY",https://mechabuild.com/,https://maps.google.com/place?place_id=ChIJfyL7JJdfwokR4lCHvT_wKJE
Ari & Ari Construction Corp,(917) 686-0976,New York,NY,"215-44 47th Ave, Bayside","New York, NY",http://www.ariandariconstruction.com/,https://maps.google.com/place?place_id=ChIJDxvf-m1hwokRygS67o83N0Y
Naba Construction inc,(917) 470-7946,New York,NY,"463 Jerome St, Brooklyn","New York, NY",https://nabaconstructioncompany.com/,https://maps.google.com/place?place_id=ChIJadKvp61dwokRw56AeOzldNo
Right-Away Construction Corp.,(347) 544-5886,New York,NY,"32-77 46th St, Astoria","New York, NY",https://www.rightawayconstructionyc.com/,https://maps.google.com/place?place_id=ChIJe1HK4-hfwokRc348hsW-4FI
Jewel Construction Company | Brownstone Contractor & Deck Builders | Brooklyn,(347) 328-7203,New York,NY,"3623 15th Ave, Brooklyn","New York, NY",https://jewelconstructionny.com/,https://maps.google.com/place?place_id=ChIJB4v0u9ZawokRbaD_5qEh04E
Multi Construction Co.,(917) 406-1546,New York,NY,"906 E 39th St, Brooklyn","New York, NY",https://multiconstructionco.com/,https://maps.google.com/place?place_id=ChIJJ3aiZ4VbwokRg_v-g4c--fk
SAHI CONSTRUCTION CORP,(718) 416-9600,New York,NY,"2975 Paulding Ave, Bronx","New York, NY",https://sahiconstructions.com/,https://maps.google.com/place?place_id=ChIJfVrqRznzwokRcLgdmtWu7LA
Ghazi construction company,(718) 775-7958,New York,NY,"2239 85th St, Brooklyn","New York, NY",http://ghaziconstruction.com/,https://maps.google.com/place?place_id=ChIJJ1vPQwBFwokRGrfsEZApEnU
Vericon Construction Company,(908) 873-0022,New York,NY,"1063 US-22, Mountainside","New York, NY",https://www.vericon.com/,https://maps.google.com/place?place_id=ChIJGeaJ8t6xw4kRSKgWDQpqFOE
K L Masters Construction Company,(908) 483-2639,New York,NY,"700 Canal St Ste 43A, Stamford","New York, NY",https://www.klmasters.com/,https://maps.google.com/place?place_id=ChIJZRbZ5FqhwokRz0_wzBPUzF8
Alauddin Construction Company,(917) 704-1946,New York,NY,"1177 E 59th St Fl.1, Brooklyn","New York, NY",https://alauddinconstruction.com/,https://maps.google.com/place?place_id=ChIJtdALibBDwokRpAdPrxmOivM
York Construction co,(718) 798-3000,New York,NY,"2736 Colden Ave, Bronx","New York, NY",https://yorkconstructions.com/,https://maps.google.com/place?place_id=ChIJq6qqqk7zwokRTRGh-FGT7JA
Green Point Construction Company,(929) 283-1434,New York,NY,"70 Dahill Rd, Brooklyn","New York, NY",https://www.greenpointconstructionny.com/,https://maps.google.com/place?place_id=ChIJx21qrpVbwokR52_Z0ll6OYQ
Spirit construction corp,(914) 924-4485,New York,NY,"3489 Fort Independence St Suite 5G, Bronx","New York, NY",,https://maps.google.com/place?place_id=ChIJdehHSpzzwokRq0rzmTrqRq4
Gravesend Construction Corp.,(718) 219-3020,New York,NY,"768 Richmond Ter, Staten Island","New York, NY",http://www.gravesendconstruction.com/,https://maps.google.com/place?place_id=ChIJ0cNv_AxFwokRUUtTX5RJRPI
ESPJ CONSTRUCTION CORP.,(908) 925-4220,New York,NY,"4 McCandless St, Linden","New York, NY",http://www.espjconstruction.com/,https://maps.google.com/place?place_id=ChIJnSdc2eCyw4kRpXdkg82IyXE
"Olympus Construction, LLC.",(732) 418-7111,New York,NY,"54 Powers St, New Brunswick","New York, NY",http://www.olympusenterprisesllc.com/,https://maps.google.com/place?place_id=ChIJg0rk5SDHw4kRF60-_jje1po
Ok Construction Company & brick pointing company,(347) 330-3111,New York,NY,"223 Bedford Ave #1116, Brooklyn","New York, NY",http://www.okconstructioncorp.com/,https://maps.google.com/place?place_id=ChIJD33-MRBZwokRYSNDUruL9T0
Vanguard Construction & Development Co. Inc.,(212) 594-7477,New York,NY,"1430 Broadway Ste 903, New York","New York, NY",http://www.vanguardcon.com/,https://maps.google.com/place?place_id=ChIJl-_DGK1ZwokRxksSwqh6F9Q
Coronado Construction Company Inc,(323) 363-1794,Los Angeles,CA,"5416 Almont St, Los Angeles","Los Angeles, CA",https://coronadoconstructionco.com/,https://maps.google.com/place?place_id=ChIJX3LoK-DFwoARrMPpRaijTxU
1 Smart Build - Construction Company,(866) 419-8840,Los Angeles,CA,"21243 Ventura Blvd #133, Woodland Hills","Los Angeles, CA",https://1smart.build/,https://maps.google.com/place?place_id=ChIJfVZdMKudwoARGVb7C0jkBBg
Liberty Construction Service Tarzana,(818) 392-4038,Los Angeles,CA,"18851 Ventura Blvd, Tarzana","Los Angeles, CA",,https://maps.google.com/place?place_id=ChIJke9qoWmZwoARed0roHAQMqA
M&M Construction Company,(714) 766-3008,Los Angeles,CA,"13742 Riata St, Garden Grove","Los Angeles, CA",https://www.mymsolutions.net/,https://maps.google.com/place?place_id=ChIJeZWOBwUn3YARFxgvAD9c6zQ
"WA Rasic Construction Company, Inc.",(562) 928-6111,Los Angeles,CA,"7314 Scout Ave, Bell Gardens","Los Angeles, CA",http://www.warasic.com/,https://maps.google.com/place?place_id=ChIJtTH5idvNwoARZSKpNPXIqlc
Gulati Construction Company,(517) 944-4623,Los Angeles,CA,"8192 Santa Margarita Ln, La Palma","Los Angeles, CA",https://gccogroup.com/,https://maps.google.com/place?place_id=ChIJK_2ise0t3YAR9atQ4YdtB6U
Nicholas Construction & Development Company,(626) 626-5543,Los Angeles,CA,"9866 Garvey Ave c, El Monte","Los Angeles, CA",https://nicholasbuilder.com/,https://maps.google.com/place?place_id=ChIJ8-gVPMvRwoARtH_57tEJln0
Joel & Co. Construction,(310) 728-6181,Los Angeles,CA,"11693 San Vicente Blvd, Los Angeles","Los Angeles, CA",https://losangelesgeneralcontractor.com/,https://maps.google.com/place?place_id=ChIJR4VNe6C8woARcdLc9iMZv2c
Oltmans Construction Co,(562) 948-4242,Los Angeles,CA,"10005 E Mission Mill Rd, Whittier","Los Angeles, CA",http://www.oltmans.com/,https://maps.google.com/place?place_id=ChIJ_UQ8VRHRwoARfzt2x26VsTI
Alpha Construction Co. Inc.,(818) 779-3000,Los Angeles,CA,"14601 Aetna St, Van Nuys","Los Angeles, CA",https://www.alphaconstruction.com/,https://maps.google.com/place?place_id=ChIJRYGN_AeXwoARlZbD9hn5DGk
"Aligned Construction Company, Inc.",(818) 504-8450,Los Angeles,CA,"3440-B Foothill Blvd, La Crescenta-Montrose","Los Angeles, CA",http://www.alignedconstructioncompanyinc.com/,https://maps.google.com/place?place_id=ChIJL_ESCVeUwoARqRJ3-dWUte4
"Brownco Construction Company, Inc.",(714) 935-9600,Los Angeles,CA,"1000 E Katella Ave, Anaheim","Los Angeles, CA",https://www.browncoinc.com/,https://maps.google.com/place?place_id=ChIJs4qTZEXX3IARQ8JW084Xwjk
Crossland Renovation Construction Company,(323) 793-0506,Los Angeles,CA,"1001 S Mountvale Ct, Anaheim","Los Angeles, CA",https://crosslandrenovations.com/,https://maps.google.com/place?place_id=ChIJj14zShLR3IARi1CjeaO51sw
"Build Group Construction Company, inc.",(800) 949-9083,Los Angeles,CA,"1324 Abbot Kinney Blvd, Venice","Los Angeles, CA",http://www.buildgc.com/build-group-southern-california/,https://maps.google.com/place?place_id=ChIJb8smr7bHwoARvSbMrWNSNwI
"DGR Construction Company, Inc.",(424) 324-0411,Los Angeles,CA,"12401 Slauson Ave Ste A, Whittier","Los Angeles, CA",http://www.dgrconstruction.net/,https://maps.google.com/place?place_id=ChIJyQaSq1bTwoAR7qwi5pgXSTY
Orr Construction Company,(562) 471-7396,Los Angeles,CA,"1977 Obispo Ave, Signal Hill","Los Angeles, CA",https://www.orrconstruction.com/?utm_source=gbp&utm_medium=organic,https://maps.google.com/place?place_id=ChIJ-cGpMIMx3YAR911eQVhcjiA
MGS Construction Co.,(949) 929-7678,Los Angeles,CA,"120 Newport Center Dr #7033, Newport Beach","Los Angeles, CA",https://www.mgsconstruct.com/,https://maps.google.com/place?place_id=ChIJ30fNBF_h3IAR3l8ZunPflZY
DPT Construction,(818) 349-6737,Los Angeles,CA,"19201 Parthenia St # B, Northridge","Los Angeles, CA",http://www.dptconstructionca.com/,https://maps.google.com/place?place_id=ChIJiRtqgqSbwoARS0X3_qX9rZM
Commerce Construction Co LP,(562) 699-0453,Los Angeles,CA,"13191 Crossroads Pkwy N #600, City of Industry","Los Angeles, CA",https://commercelp.com/,https://maps.google.com/place?place_id=ChIJraFoUszWwoARStfKH0mLtu0
"ND Construction Company, Inc.",(562) 246-6190,Los Angeles,CA,"100 W Broadway Ste 3000, Long Beach","Los Angeles, CA",,https://maps.google.com/place?place_id=ChIJIdM5tqXX3IARqIa9wbnVPI0
Morrison Construction Company,(219) 932-5036,Chicago,IL,"1834 Summer St, Hammond","Chicago, IL",http://www.mcco.com/,https://maps.google.com/place?place_id=ChIJsV8Pe0PeEYgRQsqJ1HdRZSg
Clune Construction Company,(312) 726-6103,Chicago,IL,"10 S Riverside Plaza Ste 2200, Chicago","Chicago, IL",http://www.clunegc.com/,https://maps.google.com/place?place_id=ChIJRym6wbssDogR5358nSFHRoo
IRPINO Construction,(773) 525-7345,Chicago,IL,"4234 N Broadway, Chicago","Chicago, IL",http://www.irpinoconstruction.com/,https://maps.google.com/place?place_id=ChIJK19QKxXSD4gRXsriKTBvXV4
BEAR Construction Company,(847) 222-1900,Chicago,IL,"1501 Rohlwing Rd, Rolling Meadows","Chicago, IL",http://www.bearcc.com/,https://maps.google.com/place?place_id=ChIJKenkt7ssDogRg_aQY2TrbWU
O'Malley Construction Company,(847) 806-1985,Chicago,IL,"55 W Seegers Rd, Arlington Heights","Chicago, IL",http://www.omalleygc.com/,https://maps.google.com/place?place_id=ChIJ0wd_qm-wD4gRJALE0UR8me4
"Leads Construction Company, LLC",(630) 685-5300,Chicago,IL,"16W277 83rd St Ste A, Burr Ridge","Chicago, IL",http://www.leadscc.com/,https://maps.google.com/place?place_id=ChIJr-kNgvlFDogRaOhcL55hFg8
MRG Construction Corp,(312) 201-3800,Chicago,IL,"200 N LaSalle St Ste 2350, Chicago","Chicago, IL",https://www.mrgconstruction.com/,https://maps.google.com/place?place_id=ChIJXY544yktDogRYBO-_WhGaKU
Toro Construction Corp,(773) 306-0554,Chicago,IL,"15657 S 70th Ct, Orland Park","Chicago, IL",http://www.toroconstructioncorp.com/,https://maps.google.com/place?place_id=ChIJcxIwpAAxDogRzWbO-aludK4
Berglund Construction Co,(773) 374-1000,Chicago,IL,"8410 S South Chicago Ave, Chicago","Chicago, IL",https://www.berglundco.com/,https://maps.google.com/place?place_id=ChIJU5JtpHsoDogREubf0PC6--Y
Turner Construction Co,(312) 327-2770,Chicago,IL,"55 E Monroe St, Chicago","Chicago, IL",http://turnerconstruction.com/,https://maps.google.com/place?place_id=ChIJaUO_kbwoDogR8zC1R3k9Gqk
Reed Construction,(312) 943-8100,Chicago,IL,"600 W Jackson Blvd 8th floor, Chicago","Chicago, IL",http://www.reedcorp.com/,https://maps.google.com/place?place_id=ChIJsRQBncEsDogR8lrNiDbTCXA
Peak Construction Corporation,(630) 737-1500,Chicago,IL,"9525 W Bryn Mawr Ave #810, Rosemont","Chicago, IL",http://www.peakconstruction.com/,https://maps.google.com/place?place_id=ChIJ35xnsve2D4gR2lubfFn-6VM
"Sumit Construction Co., Inc.",(773) 276-4600,Chicago,IL,"4150 W Wrightwood Ave, Chicago","Chicago, IL",http://www.sumitconstruction.com/,https://maps.google.com/place?place_id=ChIJvWsYvwTND4gRCAvsZ0lqeGc
G-Cat Construction Company,(630) 736-1070,Chicago,IL,"2500 W Higgins Rd #365, Hoffman Estates","Chicago, IL",https://g-catconstruction.com/?utm_source=google&utm_medium=social&utm_term=concrete%20specialists%20hoffman%20estates,https://maps.google.com/place?place_id=ChIJpdRwY5EGD4gRoEIpUx5uhO8
Trice Construction Co,(773) 548-4000,Chicago,IL,"438 W 43rd St, Chicago","Chicago, IL",http://www.triceconstruction.com/,https://maps.google.com/place?place_id=ChIJEV7t5R8sDogRrzN76-Z9uhc
"Power Construction Company, LLC",(312) 596-6960,Chicago,IL,"8750 W Bryn Mawr Ave #500, Chicago","Chicago, IL",http://www.powerconstruction.net/,https://maps.google.com/place?place_id=ChIJu23MXffJD4gRQTPziwIwKJw
Sage Construction Company,(815) 205-1446,Chicago,IL,"9614 Willow Ln, Mokena","Chicago, IL",http://www.sageconstructioncompany.com/,https://maps.google.com/place?place_id=ChIJ6V3Lp4lnDogRDE7ZwXade3Y
Cruz Construction Company,(708) 275-6819,Chicago,IL,"1677 Northland Ave, Highland Park","Chicago, IL",http://cruzconstructioncompany.net/,https://maps.google.com/place?place_id=ChIJuUgN8qPBD4gRMpy4Vzn63SE
ENC Construction & Development,(773) 682-3875,Chicago,IL,"320 W Ohio St Unit 5N, Chicago","Chicago, IL",http://www.enccd.com/,https://maps.google.com/place?place_id=ChIJFzI5_bYxDogRhhhhulIM0kA
Chapo Construction Company,(630) 985-1760,Chicago,IL,"1535 N Frontage Rd, Darien","Chicago, IL",http://www.chapoconstruction.com/,https://maps.google.com/place?place_id=ChIJPe5E-kpFDogRCDbiRaCKB0U
RJT Construction LLC,(832) 979-4175,Houston,TX,"6041 Van Zandt St, Houston","Houston, TX",https://rjt-constructionllc.com/,https://maps.google.com/place?place_id=ChIJnT1--rqwQIYRDWaVc4BUwMc
Texas Sterling Construction Co.,(281) 821-9091,Houston,TX,"20810 Fernbush Dr, Houston","Houston, TX",http://www.texassterling.com/,https://maps.google.com/place?place_id=ChIJ2WUQMnrKQIYRHSXY9XQPoJI
"Brooks Construction Group, LLC",(832) 630-9803,Houston,TX,"19978 Franz Rd, Katy","Houston, TX",https://brooks-construction.com/,https://maps.google.com/place?place_id=ChIJv4S5ZxgnQYYRK4qwJ83yxWc
HM General Contractors,(713) 947-6548,Houston,TX,"1674 W Sam Houston Pkwy N, Houston","Houston, TX",https://hm-build-beauty.lovable.app/,https://maps.google.com/place?place_id=ChIJq4qr4SzbQIYRKDjl5V_efIs
TDK Construction Co,(713) 466-8289,Houston,TX,"2550 N Loop W #360, Houston","Houston, TX",http://www.tdkco.com/,https://maps.google.com/place?place_id=ChIJrykdcGDQQIYR2_bywT96uts
Gamma Construction Co,(713) 963-0086,Houston,TX,"2808 Joanel St, Houston","Houston, TX",https://gammaconst.com/,https://maps.google.com/place?place_id=ChIJ1bkkQuLAQIYR4-QH-nKFUV4
"Corvus Construction Company, Inc.",(713) 699-3100,Houston,TX,"4309 Way Out W Dr, Houston","Houston, TX",http://www.corvusconstruction.com/,https://maps.google.com/place?place_id=ChIJb0QX7b_FQIYRzEvDpVTEZ4I
KA Construction HTX,(832) 795-6602,Houston,TX,"4211 Bluebonnet Dr #1, Houston","Houston, TX",http://www.kaconstructionhtx.com/,https://maps.google.com/place?place_id=ChIJW7GuBko00SoR8ZuppEPwER4
PCL Industrial Construction Co.,(281) 249-8001,Houston,TX,"2322 W Grand Pkwy N Ste 200, Katy","Houston, TX",https://www.pcl.com/us/en/who-we-are/our-offices/houston-industrial,https://maps.google.com/place?place_id=ChIJEXIQi8zaQIYRrNywC_J4MuE
Aranda Brothers Construction Co.,(281) 506-8680,Houston,TX,"11345 Eastex Fwy, Houston","Houston, TX",,https://maps.google.com/place?place_id=ChIJ3ZtnNES3QIYRiUxxTTUdGzA
"Warwick Construction, Inc.",(832) 448-7000,Houston,TX,"365 FM1959, Houston","Houston, TX",http://www.warwickconstruction.com/,https://maps.google.com/place?place_id=ChIJp3_qsH2ZQIYRG2tYyoDsCqw
Vaughn Construction,(713) 243-8300,Houston,TX,"3990 Rogerdale Rd Suite 200, Houston","Houston, TX",http://www.vaughnconstruction.com/,https://maps.google.com/place?place_id=ChIJvzR00yfDQIYR9haGg2V5ql8
Forney Construction,(713) 224-1900,Houston,TX,"8945 Long Point Rd, Houston","Houston, TX",http://www.forneyconstruction.com/,https://maps.google.com/place?place_id=ChIJoxhPpFrEQIYRNySkH23V9AQ
White Construction Company,(713) 714-1974,Houston,TX,"5825 North Sam Houston Pkwy W #150, Houston","Houston, TX",https://www.whiteconst.com/,https://maps.google.com/place?place_id=ChIJl3tXJ5PDQIYRv-VizegPD3Q
MACO Construction,(713) 453-1234,Houston,TX,"1718 Humble Pl Dr, Humble","Houston, TX",http://macoconstruction.com/,https://maps.google.com/place?place_id=ChIJWQxx6kKyQIYRLoy97jR850Y
Andrade Construction Companies,(281) 227-8225,Houston,TX,"14010 Luthe Rd Bldg A, Houston","Houston, TX",http://www.andradeconstructioncompanies.com/,https://maps.google.com/place?place_id=ChIJLbz8WgO3QIYRPd66WxY_2VE
Turner Construction,(713) 840-8441,Houston,TX,"13430 Northwest Fwy #500, Houston","Houston, TX",http://www.turnerconstruction.com/,https://maps.google.com/place?place_id=ChIJ69nFOPHGQIYRMJdRJOiL9Ds
Epa Construction Corp,(346) 485-6006,Houston,TX,"16365 Park Ten Pl, Houston","Houston, TX",http://epaconstructioncorp.com/,https://maps.google.com/place?place_id=ChIJkfqJAfUjQYYRcBjauuhmfnM
Sundance Construction,(281) 277-1000,Houston,TX,"695 Industrial Blvd, Sugar Land","Houston, TX",http://www.sundanceconstruction.com/,https://maps.google.com/place?place_id=ChIJy-fBzQfnQIYRFNYtJDzctww
Schier Construction Co,(281) 469-1822,Houston,TX,"14250 Schroeder Rd, Houston","Houston, TX",http://schierconstruction.com/,https://maps.google.com/place?place_id=ChIJa5Ch5IXNQIYRAMIAouA7KWM
Felix Construction,(480) 464-0011,Phoenix,AZ,"2530 S 52nd Ave, Phoenix","Phoenix, AZ",http://www.felixconstruction.com/,https://maps.google.com/place?place_id=ChIJH36SEb5BKocRu4MdI0YqyLw
"Okland Construction Company, Inc.",(480) 990-3330,Phoenix,AZ,"1700 N McClintock Dr, Tempe","Phoenix, AZ",http://www.okland.com/,https://maps.google.com/place?place_id=ChIJHUAE5gsJK4cR0Vzzclyc1IQ
Dixon construction company,(602) 755-2251,Phoenix,AZ,"131 W University Dr, Mesa","Phoenix, AZ",http://dixon-constructioncompany.com/,https://maps.google.com/place?place_id=ChIJQ37-CPqnK4cR5TOTdvFU_OU
NPL Construction Co,(623) 878-9115,Phoenix,AZ,"7326 N Glen Harbor Blvd, Glendale","Phoenix, AZ",https://centuri.com/npl-construction/,https://maps.google.com/place?place_id=ChIJ1STaCBRCK4cRqC5WYuO-bFw
Sundt Construction Headquarters,(480) 293-3000,Phoenix,AZ,"2620 S 55th St, Tempe","Phoenix, AZ",http://www.sundt.com/,https://maps.google.com/place?place_id=ChIJiV5LADgPK4cRq5fIyDrxyyc
Princeton Construction,(602) 603-1102,Phoenix,AZ,"740 N 52nd St, Phoenix","Phoenix, AZ",https://www.princetonaz.com/,https://maps.google.com/place?place_id=ChIJE4kN3FYMK4cRkBPLjw7eFro
Central Construction Co,(480) 963-6343,Phoenix,AZ,"1256 W Chandler Blvd # E, Chandler","Phoenix, AZ",http://www.centralconstructionco.com/,https://maps.google.com/place?place_id=ChIJu7gcKKwAK4cRXwpcCoNVwpw
Premier Construction Corporation,,Phoenix,AZ,"899 W Daniel Rd, San Tan Valley","Phoenix, AZ",https://premiercorp.us/,https://maps.google.com/place?place_id=ChIJ__8PJdROKocRQtuqDq1pAPs
Pete King Construction Co,(602) 944-4441,Phoenix,AZ,"11040 N 19th Ave, Phoenix","Phoenix, AZ",https://petekingaz.com/,https://maps.google.com/place?place_id=ChIJR58EC0psK4cRbJ_Oep3kVRI
Alba Construction,(623) 584-0474,Phoenix,AZ,"14537 W Grand Ave #130, Surprise","Phoenix, AZ",http://www.albaremodeling.com/,https://maps.google.com/place?place_id=ChIJy6qYCCVbK4cR83FFunhDcNI
CORE Construction,(602) 494-0800,Phoenix,AZ,"13835 N Northsight Blvd Ste 100, Scottsdale","Phoenix, AZ",http://www.coreconstruction.com/,https://maps.google.com/place?place_id=ChIJmUr_vIlxK4cRwCL621SlzxM
Prudential Construction,(602) 570-4010,Phoenix,AZ,"3311 S 147th Pl, Gilbert","Phoenix, AZ",http://builtbyprudential.com/,https://maps.google.com/place?place_id=ChIJm8Caj-arK4cReIne2e9EcJI
Chanen Construction,(602) 266-3600,Phoenix,AZ,"3352 E Camelback Rd, Phoenix","Phoenix, AZ",http://www.chanen.com/,https://maps.google.com/place?place_id=ChIJO9VMA_YSK4cRP99blBGtyE4
"EJK & Sons Construction, LLC",(480) 518-2405,Phoenix,AZ,"23335 N 18th Dr Ste 142, Phoenix","Phoenix, AZ",https://ejksonsconstruction.com/,https://maps.google.com/place?place_id=ChIJvVEq0OBlK4cRqI2TWye90No
CVW Construction,(602) 529-1468,Phoenix,AZ,"4116 E Superior Ave #7F, Phoenix","Phoenix, AZ",http://www.cvwconstruction.com/,https://maps.google.com/place?place_id=ChIJ-QtkKKATK4cRBdleF4KS4BY
Standard Construction Company,(623) 583-9500,Phoenix,AZ,"810 E Western Ave, Avondale","Phoenix, AZ",http://www.standardconstructionco.com/,https://maps.google.com/place?place_id=ChIJUf2m_yk5K4cRvzaJFVHgrnA
PATCH CONSTRUCTION,(602) 725-6666,Phoenix,AZ,"22315 N 222nd Ave, Surprise","Phoenix, AZ",,https://maps.google.com/place?place_id=ChIJCw6DnvBTK4cRu58bfyHfZbE
Tiffany Construction Co,(602) 276-2414,Phoenix,AZ,"7122 N 27th Ave, Phoenix","Phoenix, AZ",http://www.tiffanyconstructionco.com/,https://maps.google.com/place?place_id=ChIJzyoX0gcRK4cRQOwXxGRcIWA
Saint Mary Construction LLC,(480) 492-7328,Phoenix,AZ,"697 E Julian Dr, Gilbert","Phoenix, AZ",https://www.saintmaryconstruction.com/,https://maps.google.com/place?place_id=ChIJGRfBr_UHK4cRmEP6XjZQlaU
JE Dunn Construction Company,(602) 443-2660,Phoenix,AZ,"2000 W University Dr, Tempe","Phoenix, AZ",http://www.jedunn.com/,https://maps.google.com/place?place_id=ChIJ8beMMt8OK4cRAOtINlGy3Y8
